Year,Week,Mean,Std,Min,Max,Count,Variance
2023,1,93.47247142841206,9.67092647844238,4.202722170594934,99.8180849123647,8560,93.52681895143795
2023,52,92.83624089467152,9.089857482986009,46.375217211734196,98.71868577129364,1440,82.62550906099673
